tenure,Contract,MonthlyCharges,Churn_Probability,Risk_Level,Estimated_Revenue_at_Risk
6,Month-to-month,105.3,0.920195,High,96.89653349999999
3,Month-to-month,105.9,0.9082458,High,96.18323022
7,Month-to-month,101.95,0.9343737,High,95.259398715
3,Month-to-month,100.95,0.93706137,High,94.59634530150001
7,Month-to-month,99.25,0.93850434,High,93.146555745
1,Month-to-month,102.45,0.8994706,High,92.15076297
3,Month-to-month,105.35,0.8744578,High,92.12412923
14,Month-to-month,104.85,0.8773568,High,91.99086048
12,Month-to-month,106.7,0.8565192,High,91.39059864000001
1,Month-to-month,95.45,0.9500257,High,90.679953065
3,Month-to-month,96.6,0.9324083,High,90.07064177999999
1,Month-to-month,95.1,0.93827164,High,89.22963296399999
24,Month-to-month,104.25,0.8476454,High,88.36703295
7,Month-to-month,98.05,0.89770395,High,88.0198722975
7,Month-to-month,94.1,0.92215914,High,86.77517507399999
8,Month-to-month,100.15,0.8515404,High,85.28177106
1,Month-to-month,95.65,0.88913006,High,85.04529023900001
9,Month-to-month,99.3,0.85251725,High,84.65496292499999
14,Month-to-month,95.6,0.8798778,High,84.11631768
16,Month-to-month,96.4,0.87189287,High,84.05047266800001
26,Month-to-month,98.35,0.85091966,High,83.687948561
13,Month-to-month,102.25,0.8142495,High,83.25701137499999
11,Month-to-month,111.4,0.7427927,High,82.74710678
2,Month-to-month,94.2,0.87697995,High,82.61151129
2,Month-to-month,91.45,0.90002084,High,82.306905818
34,Month-to-month,100.05,0.8225385,High,82.29497692499999
1,Month-to-month,89.55,0.91887575,High,82.28532341249999
22,Month-to-month,95.1,0.8630175,High,82.07296425
1,Month-to-month,90.85,0.90042657,High,81.8037538845
1,Month-to-month,88.35,0.9183204,High,81.13360734
1,Month-to-month,85.05,0.9518333,High,80.95342216499999
11,Month-to-month,95.15,0.8479795,High,80.68524942500001
6,Month-to-month,90.75,0.8849162,High,80.30614515
9,Month-to-month,90.1,0.8896259,High,80.15529358999999
6,Month-to-month,94.05,0.8513932,High,80.07353046
2,Month-to-month,90.4,0.88411826,High,79.92429070400001
34,Month-to-month,106.35,0.7514812,High,79.92002561999999
38,Month-to-month,102.6,0.77739966,High,79.761205116
23,Month-to-month,93.5,0.85190886,High,79.65347841
46,Month-to-month,98.85,0.80531347,High,79.60523650949999
2,Month-to-month,85.7,0.9252286,High,79.29209102
13,Month-to-month,99.0,0.7996944,High,79.1697456
4,Month-to-month,89.2,0.8870981,High,79.12915052
4,Month-to-month,99.8,0.79079795,High,78.92163541
2,Month-to-month,84.05,0.92853737,High,78.0435659485
3,Month-to-month,85.3,0.91196054,High,77.790234062
10,Month-to-month,94.9,0.81925064,High,77.74688573600001
9,Month-to-month,94.4,0.8234582,High,77.73445408
8,Month-to-month,87.05,0.8902741,High,77.498360405
4,Month-to-month,84.6,0.9157935,High,77.47613009999999
1,Month-to-month,85.0,0.9105625,High,77.3978125
53,Month-to-month,101.9,0.7582331,High,77.26395289
49,Month-to-month,99.8,0.771573,High,77.0029854
1,Month-to-month,84.85,0.9063676,High,76.90529086
3,Month-to-month,89.45,0.8584445,High,76.78786052500001
10,Month-to-month,85.6,0.8969411,High,76.77815816
47,Month-to-month,106.4,0.72042656,High,76.65338598400001
5,Month-to-month,84.0,0.9065582,High,76.1508888
30,Month-to-month,100.2,0.7582495,High,75.97659990000001
37,Month-to-month,96.55,0.78475434,High,75.76803152699999
30,Month-to-month,99.7,0.7582495,High,75.59747515000001
46,Month-to-month,104.45,0.72229385,High,75.4435926325
7,Month-to-month,89.15,0.84469205,High,75.30429625750001
1,Month-to-month,85.0,0.88451654,High,75.1839059
4,Month-to-month,83.25,0.89581174,High,74.576327355
12,Month-to-month,94.55,0.78717697,High,74.4275825135
4,Month-to-month,93.5,0.79476124,High,74.31017594000001
1,Month-to-month,79.5,0.9279399,High,73.77122205
33,Month-to-month,100.0,0.7359809,High,73.59809
21,Month-to-month,99.85,0.7192455,High,71.81666317499999
1,Month-to-month,77.15,0.93017715,High,71.76316712250001
8,Month-to-month,95.65,0.7474249,High,71.491191685
1,Month-to-month,76.45,0.93471634,High,71.459064193
60,Month-to-month,106.15,0.67059827,Medium,71.1840063605
1,Month-to-month,85.55,0.8299194,High,70.99960467
21,Month-to-month,86.5,0.81876254,High,70.82295971
26,Month-to-month,98.1,0.7194529,High,70.57832948999999
25,Month-to-month,89.5,0.7880817,High,70.53331215
1,Month-to-month,79.35,0.8869087,High,70.37620534499999
1,Month-to-month,80.5,0.8723039,High,70.22046395
1,Month-to-month,79.15,0.882487,High,69.84884605
13,Month-to-month,96.65,0.72126406,High,69.710171399
21,Month-to-month,84.1,0.82596564,High,69.46371032399999
17,Month-to-month,100.45,0.6865997,Medium,68.96893986500001
14,Month-to-month,87.25,0.7886289,High,68.807871525
1,Month-to-month,78.8,0.87289214,High,68.783900632
3,Month-to-month,77.0,0.8927773,High,68.7438521
1,Month-to-month,74.5,0.92249775,High,68.726082375
4,Month-to-month,80.35,0.85497355,High,68.6971247425
2,Month-to-month,80.95,0.84740466,High,68.597407227
18,Month-to-month,96.05,0.7133825,High,68.520389125
34,Month-to-month,100.85,0.678437,Medium,68.42037144999999
22,Month-to-month,88.75,0.769059,High,68.25398625000001
2,Month-to-month,94.2,0.72366107,High,68.16887279400001
42,Month-to-month,100.3,0.6792048,Medium,68.12424144
6,Month-to-month,87.95,0.771507,High,67.85404065
1,Month-to-month,80.05,0.8472988,High,67.82626894
45,Month-to-month,107.75,0.6278786,Medium,67.65391915
2,Month-to-month,79.6,0.84916145,High,67.59325141999999
24,Month-to-month,90.35,0.7480208,High,67.58367928
4,Month-to-month,79.0,0.85517204,High,67.55859116
63,Month-to-month,103.5,0.6510337,Medium,67.38198795000001
21,Month-to-month,95.4,0.7061038,High,67.36230252
11,Month-to-month,84.8,0.79434717,High,67.36064001599999
3,Month-to-month,75.85,0.88731927,High,67.3031666295
4,Month-to-month,76.05,0.8840659,High,67.233211695
1,Month-to-month,80.0,0.83623075,High,66.89846
15,Month-to-month,91.0,0.73382777,High,66.77832707
1,Month-to-month,74.5,0.8957253,High,66.73153485
4,Month-to-month,79.9,0.83402514,High,66.63860868600001
2,Month-to-month,75.55,0.8814547,High,66.593902585
1,Month-to-month,74.25,0.89661556,High,66.57370533
23,Month-to-month,90.45,0.73481935,High,66.4644102075
26,Month-to-month,91.25,0.72725147,High,66.3616966375
1,Month-to-month,75.7,0.87645465,High,66.347617005
9,Month-to-month,84.4,0.7848228,High,66.23904432
3,Month-to-month,75.5,0.87597835,High,66.13636542500001
6,Month-to-month,74.9,0.88255423,High,66.103311827
3,Month-to-month,74.95,0.8776909,High,65.782932955
6,Month-to-month,85.95,0.76457256,High,65.715011532
6,Month-to-month,84.4,0.7774152,High,65.61384288
9,Month-to-month,75.85,0.86316913,High,65.47137851049999
3,Month-to-month,89.85,0.7245678,High,65.10241683
4,Month-to-month,74.35,0.875439,High,65.08888965
8,Month-to-month,75.75,0.8583537,High,65.020292775
27,Month-to-month,95.55,0.67644626,Medium,64.63444014299999
7,Month-to-month,75.4,0.856314,High,64.5660756
8,Month-to-month,75.25,0.8561087,High,64.422179675
1,Month-to-month,69.6,0.9247525,High,64.36277399999999
1,Month-to-month,69.55,0.92392236,High,64.258800138
7,Month-to-month,74.85,0.8582541,High,64.24031938499999
1,Month-to-month,70.6,0.90954864,High,64.214133984
9,Month-to-month,80.8,0.7947284,High,64.21405472
30,Month-to-month,85.0,0.7533276,High,64.03284599999999
8,Month-to-month,74.85,0.8547358,High,63.97697463
1,Month-to-month,74.3,0.86059874,High,63.942486382
1,Month-to-month,70.25,0.90954864,High,63.895791960000004
15,Month-to-month,99.1,0.64458764,Medium,63.878635124
1,Month-to-month,69.1,0.92392236,High,63.843035076
1,Month-to-month,76.35,0.8356396,High,63.80108346
1,Month-to-month,69.9,0.9115398,High,63.716632020000006
1,Month-to-month,69.9,0.9115398,High,63.716632020000006
1,Month-to-month,71.65,0.88852566,High,63.66286353900001
3,Month-to-month,90.7,0.7011323,High,63.592699610000004
34,Month-to-month,94.25,0.6737607,Medium,63.501945975
30,Month-to-month,101.3,0.62510574,Medium,63.323211461999996
9,Month-to-month,79.75,0.79131854,High,63.107653565
15,Month-to-month,84.3,0.748298,High,63.0815214
36,Month-to-month,84.1,0.74860674,High,62.957826834
1,Month-to-month,71.0,0.88661194,High,62.94944774
14,Month-to-month,74.95,0.8368407,High,62.721210465
8,Month-to-month,73.5,0.851208,High,62.563787999999995
13,Month-to-month,94.1,0.66356,Medium,62.440996
13,Month-to-month,80.85,0.7722748,High,62.43841758
1,Month-to-month,71.0,0.8793019,High,62.430434899999995
1,Month-to-month,69.25,0.89932096,High,62.27797648
3,Month-to-month,75.05,0.8296666,High,62.26647833
5,Month-to-month,85.4,0.7283805,High,62.2036947
1,Month-to-month,70.0,0.8850636,High,61.954451999999996
60,Month-to-month,99.8,0.619139,Medium,61.7900722
20,Month-to-month,90.2,0.6844475,Medium,61.7371645
61,Month-to-month,114.1,0.53989863,Medium,61.602433683
1,Month-to-month,75.3,0.81428194,High,61.315430082
1,Month-to-month,69.5,0.8812662,High,61.2480009
5,Month-to-month,84.5,0.72424054,High,61.19832563000001
2,Month-to-month,75.8,0.8023293,High,60.81656094
16,Month-to-month,75.4,0.8050576,High,60.701343040000005
1,Month-to-month,70.45,0.8612662,High,60.67620379
44,Month-to-month,111.5,0.5439814,Medium,60.65392609999999
52,Month-to-month,109.1,0.55551535,Medium,60.606724684999996
2,Month-to-month,74.85,0.8093774,High,60.58189839
2,Month-to-month,74.9,0.8046897,High,60.271258530000004
6,Month-to-month,73.85,0.8104851,High,59.85432463499999
23,Month-to-month,90.6,0.65944743,Medium,59.74593715799999
19,Month-to-month,79.85,0.7481977,High,59.74358634499999
4,Month-to-month,74.4,0.8029547,High,59.73982968000001
42,Month-to-month,104.75,0.56974465,Medium,59.6807520875
50,Month-to-month,95.05,0.627735,Medium,59.66621175
8,Month-to-month,80.65,0.7389495,High,59.596277175000004
41,Month-to-month,113.2,0.5255291,Medium,59.489894119999995
4,Month-to-month,77.85,0.7595271,High,59.129184734999995
24,Month-to-month,76.1,0.77476954,High,58.959961994
6,Month-to-month,80.5,0.7323194,High,58.9517117
4,Month-to-month,90.65,0.64953256,Medium,58.88012656400001
15,Month-to-month,79.4,0.7400305,High,58.75842170000001
24,Month-to-month,80.5,0.7275475,High,58.56757375
2,Month-to-month,79.0,0.7397579,High,58.440874099999995
38,Month-to-month,94.75,0.6157769,Medium,58.344861275
6,Month-to-month,83.9,0.6948449,Medium,58.297487110000006
23,Month-to-month,74.95,0.77752465,High,58.275472517500006
3,Month-to-month,70.15,0.8274958,High,58.048830370000005
5,Month-to-month,69.7,0.83036244,High,57.876262068
4,Month-to-month,73.9,0.7828784,High,57.85471376
2,Month-to-month,70.95,0.8110861,High,57.546558795
2,Month-to-month,80.55,0.7132748,High,57.454285139999996
2,Month-to-month,70.3,0.81715244,High,57.445816531999995
4,Month-to-month,90.4,0.63519144,Medium,57.42130617600001
25,Month-to-month,95.9,0.5980228,Medium,57.35038652
11,Month-to-month,74.35,0.77111703,High,57.3325511805
2,Month-to-month,70.65,0.8110861,High,57.30323296500001
13,Month-to-month,98.15,0.58193207,Medium,57.1166326705
67,Month-to-month,101.4,0.5598066,Medium,56.76438924000001
20,Month-to-month,85.8,0.6609896,Medium,56.712907679999994
7,Month-to-month,74.4,0.7583682,High,56.42259408000001
32,Month-to-month,98.85,0.5682386,Medium,56.170385610000004
56,Month-to-month,104.75,0.5351858,Medium,56.060712550000005
10,Month-to-month,70.0,0.8005633,High,56.039431
17,Month-to-month,83.55,0.66998553,Medium,55.9772910315
7,Month-to-month,74.9,0.7460336,High,55.87791664
2,Month-to-month,67.75,0.8236222,High,55.80040405
12,Month-to-month,79.55,0.7013378,High,55.791421989999996
60,Month-to-month,99.0,0.5588403,Medium,55.325189699999996
2,Month-to-month,74.7,0.7392895,High,55.22492565
1,Month-to-month,73.5,0.751093,High,55.205335500000004
8,Month-to-month,69.7,0.7877619,High,54.90700443
54,Month-to-month,99.05,0.5534633,Medium,54.820539865
9,Month-to-month,77.65,0.70570606,High,54.798075559000004
7,Month-to-month,75.1,0.72643477,High,54.555251227
50,One year,103.95,0.52420294,Medium,54.490895613
25,Month-to-month,105.5,0.51568794,Medium,54.40507767
4,Month-to-month,76.65,0.70494926,High,54.034360779000004
11,Month-to-month,90.6,0.5946109,Medium,53.87174754
27,Month-to-month,75.5,0.7130417,High,53.83464835
10,Month-to-month,110.1,0.48892298,Medium,53.830420098
19,Month-to-month,86.0,0.62461215,Medium,53.716644900000006
3,Month-to-month,70.3,0.76142466,High,53.528153597999996
15,Month-to-month,89.85,0.5956845,Medium,53.52225232499999
21,Month-to-month,86.05,0.61679643,Medium,53.0753328015
37,Month-to-month,76.5,0.69357604,Medium,53.058567059999994
43,Month-to-month,99.3,0.5341865,Medium,53.04471945
12,Month-to-month,79.95,0.66250014,Medium,52.966886193
32,Month-to-month,78.9,0.67120326,Medium,52.957937214000005
62,One year,103.75,0.51043683,Medium,52.95782111249999
54,Month-to-month,90.05,0.5878714,Medium,52.93781957
5,Month-to-month,75.65,0.69914734,Medium,52.890496271
26,Month-to-month,85.75,0.61409485,Medium,52.6586333875
37,Month-to-month,76.25,0.69046825,Medium,52.6482040625
3,Month-to-month,69.6,0.7544774,High,52.51162703999999
22,Month-to-month,89.25,0.58672976,Medium,52.36563108
21,Month-to-month,103.85,0.50337225,Medium,52.27520816249999
31,Month-to-month,91.15,0.5719614,Medium,52.13428161
20,Month-to-month,89.95,0.5788596,Medium,52.06842102
5,Month-to-month,90.35,0.5747237,Medium,51.92628629499999
22,Month-to-month,84.15,0.6148984,Medium,51.74370036
31,Month-to-month,81.15,0.6370519,Medium,51.696761685000006
50,One year,98.25,0.5260457,Medium,51.68399002499999
3,Month-to-month,69.55,0.74162877,High,51.5802809535
21,Month-to-month,102.8,0.50171596,Medium,51.57640068799999
21,Month-to-month,99.15,0.52011913,Medium,51.569811739500004
7,Month-to-month,71.05,0.72516465,High,51.5229483825
3,Month-to-month,83.75,0.6146119,Medium,51.473746625
1,Month-to-month,75.3,0.6831933,Medium,51.444455489999996
22,Month-to-month,80.15,0.64067745,Medium,51.350297617500004
40,Month-to-month,81.2,0.6314123,Medium,51.27067876
56,One year,107.25,0.47626695,Medium,51.0796303875
33,Month-to-month,105.35,0.4818186,Medium,50.75958951
5,Month-to-month,78.75,0.64439255,Medium,50.745913312499994
27,Month-to-month,78.05,0.6482775,Medium,50.59805887499999
5,Month-to-month,75.55,0.6691404,Medium,50.553557219999995
34,Month-to-month,96.35,0.522388,Medium,50.33208379999999
20,Month-to-month,79.15,0.63470393,Medium,50.23681605950001
2,Month-to-month,74.9,0.67019576,Medium,50.19766242400001
6,Month-to-month,74.1,0.67696035,Medium,50.16276193499999
22,Month-to-month,89.4,0.5610087,Medium,50.154177780000005
16,Month-to-month,89.05,0.5630136,Medium,50.13636108
24,Month-to-month,88.95,0.5626974,Medium,50.05193373
3,Month-to-month,90.4,0.55089366,Medium,49.800786863999996
3,Month-to-month,80.0,0.6180098,Medium,49.44078400000001
36,Month-to-month,90.85,0.5423659,Medium,49.273942014999996
18,Month-to-month,95.95,0.5129039,Medium,49.213129205
57,Month-to-month,89.85,0.547411,Medium,49.18487835
3,Month-to-month,74.55,0.6596746,Medium,49.178741429999995
51,One year,98.85,0.49682513,Medium,49.1111641005
32,Month-to-month,96.2,0.51029116,Medium,49.090009592
16,Month-to-month,100.7,0.48712307,Medium,49.053293149
3,Month-to-month,75.0,0.6535156,Medium,49.01367
29,Month-to-month,100.55,0.4844397,Medium,48.710411834999995
7,Month-to-month,69.9,0.69487184,Medium,48.571541616000005
5,Month-to-month,70.05,0.690754,Medium,48.3873177
5,Month-to-month,69.95,0.6903746,Medium,48.29170327
21,Month-to-month,68.65,0.701241,High,48.140194650000005
9,Month-to-month,75.85,0.6343874,Medium,48.11828429
19,Month-to-month,105.0,0.457683,Medium,48.056715000000004
38,Month-to-month,101.15,0.4748534,Medium,48.03142141
3,Month-to-month,74.4,0.6445649,Medium,47.95562856
4,One year,105.65,0.4528756,Medium,47.84630714
7,Month-to-month,89.75,0.53197515,Medium,47.744769712499995
37,Month-to-month,91.15,0.52361286,Medium,47.727312188999996
33,Month-to-month,91.25,0.52290666,Medium,47.715232725
35,Month-to-month,83.15,0.57348603,Medium,47.6853633945
9,Month-to-month,74.85,0.6360311,Medium,47.60692783499999
28,Month-to-month,81.05,0.5869414,Medium,47.57160046999999
32,Month-to-month,86.1,0.5494108,Medium,47.30426987999999
67,Month-to-month,94.65,0.4968596,Medium,47.02776114
19,One year,100.95,0.46579447,Medium,47.0219517465
31,Month-to-month,93.8,0.49847996,Medium,46.757420247999995
29,Month-to-month,94.2,0.49543557,Medium,46.670030694
18,Month-to-month,90.7,0.5144557,Medium,46.66113199
6,Month-to-month,78.95,0.5899494,Medium,46.57650513
17,Month-to-month,76.65,0.6067713,Medium,46.50902014500001
47,Month-to-month,98.75,0.47053295,Medium,46.4651288125
13,Month-to-month,80.0,0.5796947,Medium,46.375576
2,Month-to-month,70.75,0.65494907,Medium,46.3376467025
1,Month-to-month,59.85,0.7731735,High,46.274433975
2,Month-to-month,70.35,0.65454775,Medium,46.047434212499994
61,Month-to-month,99.15,0.46284223,Medium,45.890807104500006
2,Month-to-month,74.4,0.6108768,Medium,45.449233920000005
10,One year,98.9,0.4593438,Medium,45.42910182000001
3,Month-to-month,75.05,0.6026544,Medium,45.22921272
55,Month-to-month,74.0,0.61084586,Medium,45.202593639999996
65,One year,106.25,0.42286354,Medium,44.929251125
12,Month-to-month,73.75,0.6068013,Medium,44.751595875
25,Month-to-month,89.15,0.5014647,Medium,44.705578005
7,Month-to-month,75.45,0.59013885,Medium,44.5259762325
5,Month-to-month,64.0,0.69315475,Medium,44.361904
12,Month-to-month,84.6,0.522558,Medium,44.20840679999999
69,One year,105.2,0.41881365,Medium,44.05919598
13,Month-to-month,74.4,0.59106153,Medium,43.974977832
34,Month-to-month,97.7,0.44975525,Medium,43.941087925
61,One year,99.9,0.4379598,Medium,43.75218402
52,Month-to-month,102.7,0.42567647,Medium,43.716973468999996
10,Month-to-month,78.15,0.55833745,Medium,43.63407171750001
1,Month-to-month,55.25,0.7868433,High,43.473092325
2,Month-to-month,70.7,0.6147857,Medium,43.46534899
16,Month-to-month,72.65,0.5962929,Medium,43.320679185
22,Month-to-month,89.1,0.48608017,Medium,43.30974314699999
1,Month-to-month,55.4,0.7799942,High,43.21167868
13,Month-to-month,89.05,0.48457816,Medium,43.151685148
55,Month-to-month,96.75,0.44560918,Medium,43.112688165
56,One year,111.95,0.38505593,Low,43.1070113635
22,Month-to-month,90.5,0.47570258,Medium,43.051083489999996
43,Month-to-month,94.3,0.45569253,Medium,42.971805579
13,Month-to-month,78.3,0.5453829,Medium,42.70348107
54,Month-to-month,111.1,0.3842926,Low,42.694907859999994
66,Month-to-month,99.5,0.42702731,Medium,42.489217345
43,Month-to-month,94.1,0.4506643,Medium,42.40751063
55,Month-to-month,73.1,0.5791411,Medium,42.33521440999999
56,One year,100.55,0.41945037,Medium,42.1757347035
29,Month-to-month,79.3,0.531371,Medium,42.1377203
20,Month-to-month,108.2,0.38906312,Low,42.096629584
32,Month-to-month,85.65,0.4909908,Medium,42.05336202
13,Month-to-month,89.4,0.46937677,Medium,41.962283238000005
60,One year,116.6,0.35835293,Low,41.783951638
17,Month-to-month,80.85,0.515071,Medium,41.64349034999999
36,Month-to-month,85.25,0.48706102,Medium,41.521951955
11,Month-to-month,70.2,0.59076667,Medium,41.471820234000006
15,Month-to-month,86.2,0.48067182,Medium,41.43391088400001
4,Month-to-month,72.75,0.5673256,Medium,41.272937399999996
69,Month-to-month,99.45,0.41494834,Medium,41.266612413000004
20,Month-to-month,96.55,0.42721882,Medium,41.247977071
2,Month-to-month,70.0,0.588801,Medium,41.21607
14,Month-to-month,90.45,0.45279673,Medium,40.9554642285
23,Month-to-month,84.25,0.48178747,Medium,40.5905943475
2,Month-to-month,69.75,0.58140093,Medium,40.5527148675
24,Month-to-month,84.35,0.48060575,Medium,40.5390950125
22,Month-to-month,104.6,0.3865468,Low,40.43279528
1,Month-to-month,53.5,0.7528533,High,40.277651549999995
7,One year,94.05,0.42794445,Medium,40.2481755225
7,Month-to-month,66.85,0.5998903,Medium,40.102666555
34,Month-to-month,109.8,0.36230865,Low,39.78148977
45,Month-to-month,86.1,0.4596149,Medium,39.57284289
32,Month-to-month,74.4,0.53049,Medium,39.468456
40,One year,103.75,0.37883285,Low,39.3039081875
24,Month-to-month,79.65,0.4929136,Medium,39.260568240000005
2,Month-to-month,56.55,0.69162196,Medium,39.111221838
3,Month-to-month,54.2,0.72082937,High,39.068951854000005
37,Month-to-month,106.75,0.36432797,Low,38.8920107975
15,Month-to-month,84.35,0.46021774,Medium,38.819366368999994
13,Month-to-month,78.75,0.4913725,Medium,38.695584374999996
1,Month-to-month,50.5,0.7645528,High,38.6099164
18,Month-to-month,75.6,0.50759107,Medium,38.373884892
5,Month-to-month,69.95,0.547701,Medium,38.31168495
22,Month-to-month,89.05,0.4294301,Medium,38.240750405
2,Month-to-month,55.3,0.68667495,Medium,37.973124735
16,Month-to-month,69.65,0.5439161,Medium,37.883756365
53,One year,105.25,0.35945165,Low,37.832286162500004
65,Two year,109.05,0.3448447,Low,37.605314535
26,Month-to-month,92.4,0.40509194,Medium,37.430495256
67,One year,105.7,0.3527856,Low,37.28943792
31,Month-to-month,83.85,0.44368112,Medium,37.202661911999996
1,Month-to-month,59.2,0.62834036,Medium,37.197749312000006
58,Month-to-month,95.3,0.39012042,Low,37.178476026
10,Month-to-month,72.15,0.514906,Medium,37.1504679
1,Month-to-month,50.75,0.7304277,High,37.069205775
70,Month-to-month,106.05,0.34909263,Low,37.0212734115
65,Two year,110.35,0.33181563,Low,36.61585477049999
36,Month-to-month,87.55,0.41814572,Medium,36.608657786
4,Month-to-month,44.55,0.81479496,High,36.299115468
1,Month-to-month,50.05,0.7226654,High,36.16940327
70,One year,115.65,0.31252852,Low,36.143923338
62,One year,104.85,0.34431425,Low,36.101349112499996
16,Month-to-month,74.3,0.48402712,Medium,35.963215016
53,One year,106.95,0.33583322,Low,35.917362879
41,Month-to-month,106.5,0.3350882,Low,35.6868933
61,One year,104.0,0.3426182,Low,35.6322928
50,Month-to-month,71.05,0.5011748,Medium,35.60846954
35,Two year,108.95,0.32668623,Low,35.5924647585
25,Month-to-month,69.75,0.5094958,Medium,35.53733205
65,One year,100.75,0.35149598,Low,35.413219985
15,Month-to-month,49.0,0.7223097,High,35.3931753
63,Two year,102.6,0.34457687,Low,35.35358686199999
32,Month-to-month,108.15,0.3249368,Low,35.141914920000005
1,Month-to-month,50.45,0.69640595,Medium,35.133680177500004
39,One year,100.0,0.35005304,Low,35.005303999999995
46,Month-to-month,96.05,0.36303434,Low,34.869448357
17,Month-to-month,85.35,0.40820226,Medium,34.840062890999995
57,Month-to-month,95.25,0.36337778,Low,34.611733545
33,Month-to-month,80.6,0.4291411,Medium,34.58877266
30,Month-to-month,94.3,0.3653875,Low,34.45604125
1,Month-to-month,45.85,0.750972,High,34.4320662
1,Month-to-month,45.8,0.750972,High,34.39451759999999
1,Month-to-month,48.6,0.7035675,High,34.1933805
1,Month-to-month,54.9,0.62178516,Medium,34.136005284
1,Month-to-month,45.2,0.7540872,High,34.08474144
38,Month-to-month,74.95,0.45385778,Medium,34.016640611
1,Month-to-month,45.1,0.7540872,High,34.009332719999996
43,One year,100.55,0.33646908,Low,33.831965993999994
3,Month-to-month,41.15,0.8208514,High,33.77803511
66,One year,102.85,0.32669377,Low,33.6004542445
41,Month-to-month,74.25,0.45234287,Medium,33.5864580975
53,Month-to-month,108.25,0.30784777,Low,33.3245211025
49,One year,97.95,0.33923656,Low,33.228221052
20,Month-to-month,69.8,0.47455952,Medium,33.124254496
18,Month-to-month,80.55,0.40976205,Medium,33.0063331275
48,Two year,108.1,0.30358115,Low,32.817122315
60,Month-to-month,109.45,0.29940513,Low,32.7698914785
1,Month-to-month,45.4,0.72003144,High,32.689427376
22,Month-to-month,69.7,0.46803352,Medium,32.621936344
1,Month-to-month,44.15,0.7353604,High,32.46616166
1,Month-to-month,49.95,0.6487504,Medium,32.40508248
4,Month-to-month,55.3,0.584003,Medium,32.2953659
5,Month-to-month,50.6,0.63770807,Medium,32.268028342
64,One year,108.5,0.29735807,Low,32.263350595
3,Month-to-month,43.3,0.7404691,High,32.062312029999994
18,Month-to-month,95.15,0.3368191,Low,32.048337365
56,One year,98.0,0.32584512,Low,31.93282176
1,Month-to-month,44.0,0.72568375,High,31.930085
25,Two year,108.9,0.2929764,Low,31.905129960000004
1,Month-to-month,50.45,0.6312872,Medium,31.848439240000005
18,Month-to-month,87.9,0.3606892,Low,31.70458068
1,Month-to-month,52.2,0.60480225,Medium,31.57067745
40,One year,105.75,0.29830965,Low,31.5462454875
32,Month-to-month,80.35,0.3925241,Low,31.539311435
58,One year,97.8,0.32237193,Low,31.527974753999995
5,Month-to-month,53.8,0.58252895,Medium,31.34005751
41,Month-to-month,81.3,0.38407922,Low,31.225640585999997
35,Month-to-month,70.55,0.44253927,Medium,31.221145498499997
3,Month-to-month,57.55,0.54124856,Medium,31.148854628
40,Month-to-month,79.2,0.39277878,Low,31.108079376
37,Month-to-month,72.25,0.424787,Medium,30.690860750000002
46,Month-to-month,89.15,0.34279388,Low,30.560074402
1,Month-to-month,35.55,0.85827184,High,30.511563911999996
18,Month-to-month,50.3,0.6059016,Medium,30.47685048
2,Month-to-month,50.3,0.6047575,Medium,30.419302249999994
40,Month-to-month,78.85,0.38445204,Low,30.314043354
59,One year,109.15,0.27682695,Low,30.215661592500002
57,One year,100.75,0.29891452,Low,30.115637890000002
22,Month-to-month,95.9,0.3118815,Low,29.90943585
2,Month-to-month,45.35,0.65720654,Medium,29.804316589000003
1,Month-to-month,45.95,0.6410308,Medium,29.45536526
1,Month-to-month,49.9,0.58974046,Medium,29.428048954
11,Month-to-month,58.95,0.49815392,Medium,29.366173584
23,Month-to-month,75.3,0.38921988,Low,29.308256964
22,One year,100.05,0.292622,Low,29.2768311
3,Month-to-month,49.9,0.57602227,Medium,28.743511272999996
48,Month-to-month,95.4,0.30063722,Low,28.680790788
2,Month-to-month,49.95,0.5737628,Medium,28.65945186
3,Month-to-month,69.35,0.41265047,Medium,28.6173100945
47,One year,103.7,0.2757207,Low,28.59223659
3,Month-to-month,40.15,0.7112439,High,28.556442585
25,Month-to-month,88.4,0.3224422,Low,28.503890480000003
33,Month-to-month,70.4,0.40425646,Medium,28.459654784
30,One year,97.0,0.291159,Low,28.242423
2,Month-to-month,35.1,0.80376214,High,28.212051114
25,One year,89.05,0.31537613,Low,28.084244376499996
20,Month-to-month,80.7,0.34631738,Low,27.947812566000003
1,Month-to-month,44.75,0.6219961,Medium,27.834325475000004
17,One year,98.6,0.28186813,Low,27.792197618
61,One year,104.4,0.26603484,Low,27.774037296
38,Month-to-month,69.5,0.3971417,Low,27.60134815
67,One year,109.7,0.25125146,Low,27.562285162
24,Month-to-month,85.95,0.32056692,Low,27.552726774
6,Month-to-month,50.35,0.54251486,Medium,27.315623201000005
56,One year,109.8,0.24862714,Low,27.299259971999998
46,Month-to-month,85.0,0.32020548,Low,27.2174658
1,Month-to-month,49.8,0.5413751,Medium,26.96047998
40,Month-to-month,83.85,0.3204573,Low,26.870344605
1,Month-to-month,49.95,0.5329662,Medium,26.62166169
52,Month-to-month,95.65,0.27770495,Low,26.562478467500004
2,Month-to-month,44.95,0.5898294,Medium,26.51283153
20,One year,91.0,0.29074606,Low,26.45789146
41,Month-to-month,53.95,0.49034905,Medium,26.4543312475
54,One year,99.1,0.2645532,Low,26.21722212
34,Month-to-month,79.6,0.32539633,Low,25.901547867999998
60,One year,94.4,0.2740818,Low,25.87332192
1,Month-to-month,48.75,0.5304296,Medium,25.858442999999998
1,Month-to-month,44.65,0.5790603,Medium,25.855042394999998
4,Month-to-month,48.75,0.5299471,Medium,25.834921125
42,One year,99.0,0.26025394,Low,25.76514006
7,Month-to-month,76.45,0.3370078,Low,25.764246310000004
46,One year,94.15,0.27355516,Low,25.755218314000004
29,Month-to-month,45.9,0.5592744,Medium,25.670694959999995
62,Two year,104.05,0.24602436,Low,25.598834657999998
35,Month-to-month,100.5,0.25468603,Low,25.595946015
26,Month-to-month,66.05,0.38647622,Low,25.526754331
1,Month-to-month,43.95,0.57916635,Medium,25.454361082500004
13,Month-to-month,49.15,0.51568204,Medium,25.345772265999997
13,Month-to-month,45.3,0.55891216,Medium,25.318720847999998
9,Month-to-month,43.75,0.57850516,Medium,25.309600749999998
1,Month-to-month,53.95,0.46633792,Medium,25.158930784000002
13,Month-to-month,48.75,0.5126379,Medium,24.991097625
15,Month-to-month,69.0,0.3619906,Low,24.9773514
1,Month-to-month,45.95,0.54204834,Medium,24.907121223
17,Month-to-month,45.05,0.55258477,Medium,24.893943888499997
26,Month-to-month,84.3,0.29328057,Low,24.723552051000002
2,Month-to-month,42.6,0.5744757,Medium,24.472664820000002
59,Month-to-month,44.3,0.5506089,Medium,24.391974269999995
52,Month-to-month,49.15,0.4959912,Medium,24.37796748
70,Two year,110.5,0.22054683,Low,24.370424715
3,Month-to-month,55.8,0.43639895,Medium,24.35106141
15,Month-to-month,48.8,0.4955593,Medium,24.183293839999997
69,Two year,104.0,0.23229703,Low,24.15889112
18,Month-to-month,74.15,0.3240482,Low,24.028174030000002
46,Two year,108.65,0.2209889,Low,24.010443985
19,Month-to-month,89.95,0.26571617,Low,23.9011694915
8,Month-to-month,68.55,0.34818044,Low,23.867769162
28,One year,90.45,0.26374656,Low,23.855876352000003
19,Month-to-month,88.8,0.26833737,Low,23.828358456
12,Month-to-month,81.7,0.2912453,Low,23.79474101
18,Month-to-month,78.2,0.3042508,Low,23.79241256
57,Month-to-month,55.0,0.43243733,Medium,23.784053150000002
54,Month-to-month,89.4,0.26428303,Low,23.626902882
4,Month-to-month,50.8,0.46315947,Medium,23.528501076
2,Month-to-month,30.4,0.7698538,High,23.40355552
62,Month-to-month,96.1,0.24161349,Low,23.219056389
65,One year,103.9,0.22342934,Low,23.214308426000002
6,Month-to-month,48.95,0.47402424,Medium,23.203486548
7,Month-to-month,59.5,0.38949755,Low,23.175104225000002
23,Month-to-month,75.6,0.30471024,Low,23.036094144
4,Month-to-month,44.8,0.50967604,Medium,22.833486592
1,Month-to-month,62.05,0.36641422,Low,22.736002351
40,One year,99.2,0.22834003,Low,22.651330976
10,Month-to-month,67.8,0.33386138,Low,22.635801563999998
32,Month-to-month,84.15,0.2684179,Low,22.587366285
67,One year,111.3,0.20279907,Low,22.571536491
63,Month-to-month,108.25,0.20721698,Low,22.431238085
3,One year,69.95,0.32004598,Low,22.387216301000002
55,Month-to-month,89.8,0.2462429,Low,22.112612419999998
5,Month-to-month,51.0,0.43330947,Medium,22.09878297
4,Month-to-month,29.65,0.7405337,High,21.956824204999997
61,One year,79.8,0.2748309,Low,21.931505819999998
1,Month-to-month,51.2,0.42739812,Medium,21.882783744
4,Month-to-month,57.2,0.38198704,Low,21.849658688
42,Month-to-month,50.25,0.43285385,Medium,21.7509059625
17,Month-to-month,49.8,0.4345317,Medium,21.63967866
1,Month-to-month,49.9,0.42581153,Medium,21.247995347
1,Month-to-month,25.2,0.8349321,High,21.04028892
69,Two year,110.25,0.19070812,Low,21.02557023
4,Month-to-month,50.05,0.41154104,Medium,20.597629052
2,Month-to-month,49.2,0.41789114,Medium,20.560244088
49,One year,93.65,0.21903162,Low,20.512311213000004
54,One year,106.55,0.19187957,Low,20.4447681835
28,One year,90.1,0.2257613,Low,20.341093129999997
7,Month-to-month,48.2,0.41885456,Medium,20.188789792
70,One year,107.9,0.1865316,Low,20.12675964
26,One year,95.85,0.2080713,Low,19.943634104999997
55,One year,100.9,0.1970052,Low,19.87782468
60,Two year,104.7,0.18834919,Low,19.720160193
16,Month-to-month,55.3,0.35628736,Low,19.702691008
60,Month-to-month,80.95,0.24284054,Low,19.657941713
28,Month-to-month,91.0,0.21566789,Low,19.62577799
59,Two year,113.75,0.17175412,Low,19.53703115
57,Two year,112.95,0.17189781,Low,19.4158576395
1,Month-to-month,25.05,0.77474195,High,19.407285847500003
44,Month-to-month,84.8,0.22884509,Low,19.406063632
1,Month-to-month,24.8,0.781872,High,19.3904256
10,Month-to-month,33.9,0.56894714,Medium,19.287308046
3,Month-to-month,64.5,0.29761034,Low,19.195866929999998
14,Month-to-month,66.6,0.2864896,Low,19.08020736
4,Month-to-month,50.7,0.37374073,Low,18.948655011000003
3,Month-to-month,35.2,0.535967,Medium,18.8660384
5,Month-to-month,48.65,0.3873339,Low,18.843794235
12,Month-to-month,56.3,0.3312368,Low,18.64863184
9,Month-to-month,55.3,0.3314821,Low,18.330960129999998
2,Month-to-month,50.15,0.36483055,Low,18.296252082499997
28,One year,100.35,0.18173592,Low,18.237199571999998
13,Month-to-month,55.95,0.32438692,Low,18.149448174000003
4,Month-to-month,49.35,0.3676917,Low,18.145585395
9,Month-to-month,69.4,0.2611026,Low,18.120520440000004
6,Month-to-month,49.5,0.3656275,Low,18.09856125
72,One year,97.25,0.18609358,Low,18.097600655
55,Month-to-month,85.5,0.21152142,Low,18.085081409999997
5,Month-to-month,46.0,0.3925746,Low,18.0584316
9,Month-to-month,24.95,0.70597744,High,17.614137128
19,Month-to-month,69.6,0.2529939,Low,17.60837544
18,Month-to-month,57.45,0.30635178,Low,17.599909761000003
3,Month-to-month,29.9,0.5878007,Medium,17.575240929999996
28,One year,106.1,0.16530773,Low,17.539150153
1,Month-to-month,24.6,0.71014774,High,17.469634404
59,One year,85.55,0.20373356,Low,17.429406058
2,Month-to-month,56.7,0.30705893,Low,17.410241331
1,Month-to-month,25.35,0.68672615,Medium,17.408507902500002
16,Month-to-month,69.1,0.25171623,Low,17.393591493
69,Month-to-month,84.9,0.2046907,Low,17.37824043
41,One year,51.35,0.3381351,Low,17.363237385
1,Month-to-month,25.05,0.69108087,Medium,17.3115757935
15,Month-to-month,55.7,0.30751362,Low,17.128508634
8,Month-to-month,66.65,0.25338542,Low,16.888138243
1,Month-to-month,49.25,0.33565626,Low,16.531070805
42,Month-to-month,55.65,0.29642028,Low,16.495788582
60,Two year,110.6,0.14911664,Low,16.492300384
61,One year,106.0,0.15542473,Low,16.47502138
56,Two year,103.2,0.15960513,Low,16.471249416000003
3,Month-to-month,25.3,0.65101796,Medium,16.470754388
9,Month-to-month,34.7,0.4732879,Medium,16.423090130000002
58,Two year,109.1,0.15037194,Low,16.405578654
5,Month-to-month,53.85,0.3012881,Low,16.224364185
3,Month-to-month,25.25,0.63933265,Medium,16.143149412499998
2,Month-to-month,24.9,0.64031273,Medium,15.943786976999998
4,Month-to-month,55.2,0.28879976,Low,15.941746752000002
1,Month-to-month,29.15,0.54651594,Medium,15.930939651000001
8,Month-to-month,43.55,0.36542198,Low,15.914127228999998
10,Month-to-month,54.25,0.29128474,Low,15.802197145
13,Month-to-month,23.9,0.6585385,Medium,15.73907015
12,Month-to-month,53.75,0.29278302,Low,15.737087325000001
10,One year,65.9,0.23817526,Low,15.695749634000002
61,One year,98.45,0.1587227,Low,15.626249815
51,One year,110.05,0.14136519,Low,15.5572391595
26,Month-to-month,73.05,0.2126466,Low,15.533834129999999
59,One year,80.1,0.19377433,Low,15.521323832999999
46,One year,105.2,0.14536744,Low,15.292654687999999
3,Month-to-month,25.0,0.61148137,Medium,15.287034250000001
10,Month-to-month,65.5,0.23290478,Low,15.25526309
1,Month-to-month,29.95,0.5092208,Medium,15.25116296
12,Month-to-month,58.35,0.25847682,Low,15.082122447
23,Month-to-month,34.65,0.43447378,Medium,15.054516476999998
18,One year,89.6,0.16779184,Low,15.034148863999999
14,Month-to-month,59.8,0.24959166,Low,14.925581267999998
63,One year,99.9,0.14935642,Low,14.920706358
1,Month-to-month,25.75,0.57451105,Medium,14.7936595375
63,One year,91.35,0.16134174,Low,14.738567949
1,Month-to-month,20.1,0.7322432,High,14.718088320000001
63,Two year,109.2,0.13415655,Low,14.649895260000001
31,Month-to-month,71.05,0.20524783,Low,14.582858321499998
8,Month-to-month,65.5,0.22220924,Low,14.55470522
6,Month-to-month,30.5,0.47678617,Medium,14.541978185
37,Month-to-month,91.2,0.1588536,Low,14.487448320000002
15,Month-to-month,48.85,0.29488245,Low,14.4050076825
8,Month-to-month,44.45,0.32384056,Low,14.394712892000001
4,Month-to-month,60.4,0.23578776,Low,14.241580704
19,Month-to-month,59.8,0.2365406,Low,14.145127879999999
18,Month-to-month,49.55,0.28540143,Low,14.1416408565
19,Month-to-month,45.0,0.3139585,Low,14.1281325
67,Two year,111.05,0.12680978,Low,14.082226069
22,Month-to-month,54.7,0.25490704,Low,13.943415088
23,One year,73.75,0.18897966,Low,13.937249925
57,One year,90.65,0.15367989,Low,13.931082028500002
24,Month-to-month,40.65,0.34126273,Low,13.8723299745
62,One year,102.0,0.13563876,Low,13.83515352
4,Month-to-month,61.45,0.22494757,Low,13.823028176500001
13,Month-to-month,63.15,0.21884157,Low,13.8198451455
39,One year,99.1,0.13938709,Low,13.813260618999998
1,Month-to-month,19.9,0.6935442,Medium,13.80152958
54,Month-to-month,89.8,0.15340765,Low,13.776006970000001
11,Month-to-month,35.65,0.3858798,Low,13.75661487
57,One year,94.7,0.1449901,Low,13.73056247
72,Two year,99.4,0.13802487,Low,13.719672078
7,Month-to-month,50.3,0.2722437,Low,13.693858109999999
69,Two year,99.35,0.13775375,Low,13.6858350625
40,Month-to-month,51.1,0.2675781,Low,13.673240909999999
9,Month-to-month,69.5,0.19518742,Low,13.56552569
10,Month-to-month,55.2,0.24518037,Low,13.533956424000001
21,Month-to-month,26.05,0.51798767,Medium,13.4935788035
68,Two year,109.05,0.123505205,Low,13.468242605250001
3,Month-to-month,31.0,0.43364826,Medium,13.44309606
28,Month-to-month,54.9,0.24463604,Low,13.430518595999999
1,Month-to-month,24.2,0.5541696,Medium,13.41090432
47,Month-to-month,58.6,0.22624937,Low,13.258213082000001
1,Month-to-month,19.55,0.677385,Medium,13.24287675
69,Two year,116.0,0.113584794,Low,13.175836104
12,Month-to-month,67.25,0.19528401,Low,13.1328496725
24,Month-to-month,49.7,0.26239797,Low,13.041179109
28,One year,82.85,0.15721892,Low,13.025587522
23,One year,64.9,0.20061989,Low,13.020230861000002
71,Two year,105.15,0.123801365,Low,13.01771352975
1,Month-to-month,19.9,0.65334344,Medium,13.001534456
67,One year,100.25,0.12958963,Low,12.991360407500002
9,Month-to-month,29.95,0.43232083,Medium,12.9480088585
1,Month-to-month,20.05,0.6412637,Medium,12.857337185
1,Month-to-month,19.95,0.6412637,Medium,12.793210815
12,One year,74.05,0.17258376,Low,12.779827427999999
1,Month-to-month,19.8,0.6412637,Medium,12.69702126
1,Month-to-month,19.75,0.6412637,Medium,12.664958075
1,Month-to-month,19.75,0.6412637,Medium,12.664958075
67,Two year,105.05,0.120557405,Low,12.66455539525
61,Month-to-month,89.2,0.14177664,Low,12.646476288
11,One year,41.6,0.30376187,Low,12.636493792
71,Two year,108.55,0.11540739,Low,12.527472184499999
24,Month-to-month,29.1,0.4294681,Medium,12.497521710000001
67,Two year,93.15,0.13346024,Low,12.431821356000002
19,Month-to-month,60.6,0.20429994,Low,12.380576364000001
1,Month-to-month,20.05,0.61648464,Medium,12.360517032
14,Month-to-month,48.8,0.2498381,Low,12.192099279999999
1,Month-to-month,20.4,0.5968174,Medium,12.17507496
22,One year,69.5,0.174907,Low,12.1560365
16,Month-to-month,54.55,0.22263598,Low,12.144792709
1,Month-to-month,19.4,0.6252966,Medium,12.13075404
12,Month-to-month,61.65,0.19654387,Low,12.1169295855
64,Two year,110.5,0.10929732,Low,12.07735386
1,Month-to-month,19.3,0.623511,Medium,12.033762300000001
1,Month-to-month,20.3,0.59168625,Medium,12.011230874999999
9,Month-to-month,50.85,0.23598146,Low,11.999657241000001
1,Month-to-month,20.25,0.59168625,Medium,11.9816465625
68,Two year,114.7,0.10427354,Low,11.960175038000001
18,Month-to-month,55.95,0.21195458,Low,11.858858751000001
1,Month-to-month,20.8,0.5674947,Medium,11.80388976
18,Month-to-month,59.1,0.19859423,Low,11.736918993000002
1,Month-to-month,20.6,0.5674947,Medium,11.690390820000001
53,One year,94.0,0.12387753,Low,11.64448782
1,Month-to-month,20.45,0.5674947,Medium,11.605266615
19,Month-to-month,61.55,0.1882317,Low,11.585661134999999
68,Two year,110.25,0.10474612,Low,11.54825973
68,Two year,114.9,0.10050274,Low,11.547764826
33,Month-to-month,66.4,0.1733325,Low,11.509278000000002
35,Month-to-month,72.25,0.15855785,Low,11.4558046625
32,One year,90.8,0.12588899,Low,11.430720292
71,One year,104.65,0.108803384,Low,11.3862741356
35,One year,89.2,0.12710305,Low,11.33759206
49,One year,100.45,0.112728,Low,11.3235276
70,Two year,113.65,0.09917599,Low,11.271351263500001
60,Two year,110.8,0.10142388,Low,11.237765904
62,Month-to-month,70.45,0.15934893,Low,11.2261321185
44,Month-to-month,50.15,0.22357233,Low,11.2121523495
11,Month-to-month,48.55,0.2302843,Low,11.180302764999999
18,Month-to-month,56.8,0.19668268,Low,11.171576223999999
54,One year,70.15,0.15888527,Low,11.1458016905
1,Month-to-month,19.4,0.5727332,Medium,11.11102408
32,One year,64.85,0.17113961,Low,11.0984037085
59,Two year,95.8,0.11394787,Low,10.916205946
9,Month-to-month,54.8,0.19900537,Low,10.905494275999999
8,Month-to-month,51.3,0.21249744,Low,10.901118671999999
26,One year,78.95,0.1373778,Low,10.84597731
55,Month-to-month,54.55,0.19878712,Low,10.843837396
68,Two year,105.25,0.10298273,Low,10.838932332499999
30,Two year,74.85,0.1445784,Low,10.821693239999998
28,Month-to-month,59.55,0.18156546,Low,10.812223143
37,One year,91.2,0.117619686,Low,10.7269153632
31,Month-to-month,55.25,0.19328597,Low,10.6790498425
26,Month-to-month,44.65,0.23832518,Low,10.641219287
21,One year,75.9,0.14017981,Low,10.639647579
41,Month-to-month,55.7,0.18949671,Low,10.554966747000002
1,Month-to-month,20.2,0.5214171,Medium,10.532625419999999
1,One year,74.1,0.14209308,Low,10.529097228
51,Month-to-month,69.15,0.15225504,Low,10.528436016
12,One year,60.65,0.17266542,Low,10.472157722999999
33,One year,93.55,0.11175241,Low,10.4544379555
47,One year,96.1,0.10854007,Low,10.430700727
3,Month-to-month,35.1,0.29605865,Low,10.391658614999999
18,Month-to-month,69.5,0.14947705,Low,10.388654975
61,One year,100.7,0.10260338,Low,10.332160366
24,Month-to-month,39.1,0.26420343,Low,10.330354113
1,Month-to-month,19.65,0.5192143,Medium,10.202560994999999
21,Month-to-month,28.5,0.35656288,Low,10.16204208
53,One year,94.45,0.107230075,Low,10.12788058375
61,Month-to-month,94.2,0.10675774,Low,10.056579108000001
7,One year,59.1,0.16986245,Low,10.038870795
30,Month-to-month,50.0,0.20049109,Low,10.0245545
68,One year,76.9,0.12962888,Low,9.968460872000001
19,Month-to-month,25.15,0.39619067,Low,9.9641953505
64,Month-to-month,81.05,0.120897286,Low,9.7987250303
9,Month-to-month,68.25,0.14344536,Low,9.79014582
1,Month-to-month,20.7,0.47198775,Medium,9.770146425
1,Month-to-month,20.2,0.48278713,Medium,9.752300026
14,Month-to-month,50.1,0.19458953,Low,9.748935453000001
25,One year,54.2,0.17800821,Low,9.648044982
25,Month-to-month,81.75,0.11746932,Low,9.60311691
1,Month-to-month,19.45,0.49333784,Medium,9.595420988
1,Month-to-month,21.0,0.45608672,Medium,9.57782112
46,One year,59.9,0.15988053,Low,9.576843747
53,Month-to-month,85.7,0.11155079,Low,9.559902703
8,Month-to-month,64.4,0.14801909,Low,9.532429396
21,Month-to-month,64.95,0.14581895,Low,9.470940802500001
24,Month-to-month,55.65,0.16997194,Low,9.458938460999999
47,Month-to-month,55.3,0.17089441,Low,9.450460872999999
61,Two year,94.1,0.10040357,Low,9.447975936999999
58,One year,45.0,0.20979962,Low,9.4409829
16,Month-to-month,84.9,0.11104754,Low,9.427936146
7,Month-to-month,50.7,0.18404624,Low,9.331144368
67,Month-to-month,53.4,0.17441607,Low,9.313818138
24,Month-to-month,55.15,0.1684167,Low,9.288181005
36,One year,89.65,0.10316618,Low,9.248848037
35,One year,85.95,0.10648594,Low,9.152466543000001
35,Month-to-month,76.05,0.11987811,Low,9.1167302655
46,Month-to-month,45.55,0.20007329,Low,9.113338359499998
20,Month-to-month,55.0,0.16546819,Low,9.10075045
49,One year,56.3,0.16123654,Low,9.077617202
71,Two year,104.05,0.086744234,Low,9.0257375477
19,One year,65.35,0.13742547,Low,8.980754464499999
51,One year,56.15,0.15986437,Low,8.9763843755
52,Month-to-month,84.05,0.10651464,Low,8.952555491999998
53,One year,78.75,0.11359272,Low,8.945426699999999
57,Month-to-month,87.55,0.10213446,Low,8.941871973
68,Two year,113.15,0.078471266,Low,8.8790237479
64,Two year,104.05,0.08488276,Low,8.832051178
67,Two year,108.75,0.07989774,Low,8.688879224999999
32,Month-to-month,62.45,0.13903545,Low,8.6827638525
1,Month-to-month,20.55,0.42095366,Medium,8.650597713
64,Month-to-month,73.55,0.11692504,Low,8.599836691999998
42,Month-to-month,54.55,0.15610504,Low,8.515529932
64,Two year,105.4,0.08034503,Low,8.468366162
20,One year,94.3,0.08933812,Low,8.424584715999998
52,Two year,89.45,0.09386697,Low,8.3964004665
46,One year,69.1,0.120878264,Low,8.352688042399999
34,One year,79.95,0.104216225,Low,8.33208718875
62,One year,92.3,0.08960534,Low,8.270572882
51,One year,93.5,0.087985694,Low,8.226662389
2,Month-to-month,20.1,0.40714148,Medium,8.183543748
30,Month-to-month,66.3,0.12240535,Low,8.115474704999999
1,Month-to-month,20.3,0.39667624,Low,8.052527672
68,Month-to-month,39.9,0.20121634,Low,8.028531966
10,One year,64.9,0.123559214,Low,8.0189929886
56,Two year,115.85,0.06842986,Low,7.927599280999999
19,Month-to-month,48.8,0.16188346,Low,7.899912848
64,One year,70.15,0.11231055,Low,7.8785850825
22,Month-to-month,65.05,0.120449,Low,7.8352074499999995
35,Month-to-month,60.55,0.12896149,Low,7.8086182195000005
67,Two year,103.15,0.075484,Low,7.7861746
31,Month-to-month,65.25,0.119044654,Low,7.7676636735
1,Month-to-month,19.75,0.3920196,Low,7.7423871
29,Month-to-month,35.65,0.21532989,Low,7.676510578499999
52,One year,81.4,0.09430209,Low,7.676190126000001
41,One year,56.3,0.13617827,Low,7.666836600999999
52,One year,95.7,0.07962368,Low,7.619986176
61,One year,65.2,0.11624307,Low,7.5790481640000005
7,Month-to-month,34.5,0.2187991,Low,7.54856895
39,Two year,80.45,0.09345026,Low,7.518073417
39,Two year,100.55,0.07463362,Low,7.504410491
30,Month-to-month,51.2,0.14644852,Low,7.498164224
48,Month-to-month,45.55,0.16073765,Low,7.3215999575
71,One year,72.9,0.09989983,Low,7.282697607
50,One year,84.15,0.08637855,Low,7.2687549825
38,One year,70.45,0.10199691,Low,7.1856823095
6,Month-to-month,19.5,0.36124808,Low,7.044337560000001
18,Month-to-month,25.15,0.2762086,Low,6.94664629
46,One year,91.3,0.0760701,Low,6.94520013
10,Month-to-month,29.75,0.23339276,Low,6.94343461
33,One year,74.75,0.092121676,Low,6.886095281
44,One year,74.85,0.09195716,Low,6.882993425999999
27,One year,45.85,0.14946958,Low,6.853180243
3,Month-to-month,19.6,0.3450754,Low,6.76347784
45,One year,78.8,0.08544556,Low,6.733110128
39,Month-to-month,48.95,0.13688736,Low,6.7006362720000014
2,Month-to-month,19.5,0.34245396,Low,6.67785222
3,Month-to-month,19.6,0.33830473,Low,6.630772708
31,One year,81.7,0.08094136,Low,6.6129091120000005
70,Two year,98.3,0.067223035,Low,6.6080243405
48,Month-to-month,45.3,0.14554086,Low,6.593000957999999
46,Month-to-month,55.0,0.11943763,Low,6.56906965
70,One year,74.1,0.08812741,Low,6.530241081
41,Two year,111.15,0.058569882,Low,6.5100423843
4,Month-to-month,20.05,0.32324538,Low,6.481069869000001
42,Month-to-month,69.4,0.09332501,Low,6.476755694
1,Month-to-month,20.75,0.31207976,Low,6.47565502
26,One year,75.0,0.08630761,Low,6.473070750000001
2,Month-to-month,24.85,0.25908643,Low,6.4382977855
45,Two year,95.2,0.06735746,Low,6.4124301919999995
7,One year,69.45,0.09232519,Low,6.411984445500001
40,Month-to-month,55.25,0.11477439,Low,6.3412850475
49,Month-to-month,30.2,0.20954426,Low,6.328236652
58,One year,75.2,0.08414734,Low,6.327879968
71,Two year,97.2,0.065016456,Low,6.3195995232
34,Month-to-month,50.2,0.12587294,Low,6.318821588
61,Month-to-month,94.15,0.06700848,Low,6.308848392
53,Month-to-month,71.85,0.08761006,Low,6.294782811
68,Two year,89.95,0.069387645,Low,6.24141866775
72,Two year,110.9,0.05581083,Low,6.189421047000001
2,Month-to-month,20.45,0.3018705,Low,6.173251724999999
69,Two year,97.65,0.063204005,Low,6.17187108825
3,Month-to-month,19.95,0.30805367,Low,6.1456707165
58,One year,94.7,0.064756304,Low,6.1324219888
72,Two year,109.55,0.055521693,Low,6.08240146815
1,Month-to-month,19.05,0.3110262,Low,5.92504911
64,One year,73.05,0.081024855,Low,5.9188656577500005
32,Month-to-month,61.4,0.09621757,Low,5.907758798
44,Month-to-month,61.9,0.09334492,Low,5.7780505479999995
52,Month-to-month,49.75,0.11561587,Low,5.7518895325
27,One year,80.65,0.071315154,Low,5.751567170100001
62,Two year,108.15,0.0526441,Low,5.693459415
71,Two year,99.0,0.05749833,Low,5.69233467
4,Month-to-month,20.95,0.2677678,Low,5.60973541
42,Month-to-month,59.65,0.09322685,Low,5.5609816025
28,Month-to-month,54.65,0.10149385,Low,5.5466389025
30,One year,74.65,0.074142255,Low,5.534719335750001
22,Month-to-month,57.95,0.09535236,Low,5.525669262
55,Month-to-month,55.7,0.09901016,Low,5.514865912
62,One year,92.05,0.05975892,Low,5.500808586
42,One year,63.7,0.08551711,Low,5.447439907
28,Month-to-month,49.9,0.10911684,Low,5.444930316
49,Month-to-month,40.65,0.13390958,Low,5.443424427
11,Month-to-month,20.3,0.26759946,Low,5.432269038
3,Month-to-month,19.85,0.27346846,Low,5.428348931000001
62,One year,94.95,0.057169832,Low,5.4282755484
66,One year,90.55,0.059484243,Low,5.38629820365
2,Month-to-month,20.0,0.2685632,Low,5.371264
43,One year,56.35,0.095116794,Low,5.3598313419000005
2,Month-to-month,20.65,0.25930202,Low,5.354586713
55,One year,84.25,0.06334293,Low,5.336641852500001
12,Month-to-month,20.1,0.26491016,Low,5.324694216
2,Month-to-month,19.4,0.2727547,Low,5.29144118
59,Two year,111.1,0.047071062,Low,5.2295949882
6,Month-to-month,19.85,0.26302674,Low,5.221080789
6,Month-to-month,19.7,0.26302674,Low,5.181626777999999
6,Month-to-month,20.2,0.25645995,Low,5.18049099
44,Two year,54.3,0.09405699,Low,5.1072945569999995
70,Two year,75.65,0.066233456,Low,5.0105609464
36,One year,55.8,0.08945035,Low,4.99132953
49,Month-to-month,59.6,0.083268784,Low,4.9628195264
4,Month-to-month,19.85,0.249765,Low,4.9578352500000005
44,One year,65.4,0.07544007,Low,4.933780578
2,Month-to-month,19.6,0.25015095,Low,4.90295862
27,Month-to-month,49.85,0.09824438,Low,4.897482343
3,Month-to-month,19.55,0.2503375,Low,4.894098125
1,Month-to-month,18.85,0.259279,Low,4.88740915
60,One year,79.0,0.06183886,Low,4.885269940000001
37,Two year,94.3,0.05127657,Low,4.835380551
2,Month-to-month,20.75,0.23236832,Low,4.821642639999999
1,One year,25.85,0.1863009,Low,4.815878265
7,Month-to-month,19.95,0.2412988,Low,4.81391106
5,Month-to-month,20.65,0.23193243,Low,4.7894046795
60,Month-to-month,79.05,0.060111783,Low,4.75183644615
0,Two year,80.85,0.05876007,Low,4.7507516595
1,Month-to-month,19.25,0.24657245,Low,4.7465196625
53,One year,60.6,0.078034565,Low,4.728894639
15,Month-to-month,19.8,0.23873031,Low,4.726860138
25,One year,53.65,0.08734254,Low,4.685927271
70,Two year,115.15,0.04035395,Low,4.6467573425
72,Two year,109.75,0.04188194,Low,4.596542915
66,Month-to-month,67.45,0.06810301,Low,4.5935480245
49,One year,87.2,0.0524991,Low,4.57792152
7,Month-to-month,23.5,0.19459979,Low,4.5730950649999995
24,One year,58.35,0.07721235,Low,4.5053406225
26,One year,75.5,0.059402015,Low,4.4848521325
10,Month-to-month,20.55,0.21819527,Low,4.4839127985000005
72,Two year,110.75,0.040415365,Low,4.47600167375
63,One year,81.2,0.05493687,Low,4.460873844
36,One year,63.7,0.07002146,Low,4.460367002
8,Month-to-month,19.65,0.2251052,Low,4.42331718
10,Month-to-month,20.9,0.21092087,Low,4.408246183
70,Two year,84.1,0.052080948,Low,4.3800077268
13,Month-to-month,19.3,0.22659335,Low,4.373251655
50,Month-to-month,35.0,0.12406952,Low,4.3424332
5,Month-to-month,19.65,0.22030458,Low,4.328984997
49,Two year,49.65,0.08718183,Low,4.3285778595
43,Month-to-month,34.0,0.12674725,Low,4.309406500000001
34,Month-to-month,24.7,0.1734329,Low,4.28379263
41,One year,78.35,0.054626334,Low,4.279973268899999
12,Month-to-month,20.3,0.20766538,Low,4.215607214
68,One year,73.0,0.057672277,Low,4.2100762210000005
61,One year,85.55,0.049009904,Low,4.1927972871999994
67,One year,72.35,0.056901906,Low,4.1168528990999995
72,Two year,114.9,0.03566205,Low,4.097569545000001
50,Two year,79.6,0.051221687,Low,4.0772462852
72,Two year,114.45,0.034787405,Low,3.98141850225
60,One year,70.15,0.055998437,Low,3.92829035555
57,One year,70.1,0.055902723,Low,3.9187808822999997
37,Month-to-month,19.5,0.19801764,Low,3.86134398
43,One year,84.25,0.045714118,Low,3.8514144415
51,One year,81.15,0.047305632,Low,3.8388520368
26,One year,56.05,0.06848053,Low,3.8383337065
21,One year,64.85,0.059158586,Low,3.8364343021
43,Month-to-month,29.3,0.12999022,Low,3.8087134459999996
9,Month-to-month,20.45,0.18583727,Low,3.8003721715
61,Two year,81.0,0.04684695,Low,3.79460295
26,One year,61.55,0.061583705,Low,3.79047704275
65,Two year,53.5,0.06984771,Low,3.7368524849999996
28,One year,59.9,0.062243793,Low,3.7284032007
72,Two year,114.1,0.03253928,Low,3.7127318479999993
3,Month-to-month,20.75,0.17795451,Low,3.6925560825000003
63,One year,58.55,0.062466297,Low,3.6574016893499994
50,One year,54.9,0.06593658,Low,3.619918242
23,One year,66.25,0.054482296,Low,3.60945211
34,One year,64.2,0.055965684,Low,3.5929969128000003
72,Two year,110.15,0.032240584,Low,3.5513003276000004
64,Two year,93.4,0.03793858,Low,3.543463372
63,One year,70.8,0.049626645,Low,3.5135664659999994
59,One year,66.4,0.051517937,Low,3.4207910168000004
7,Month-to-month,18.95,0.17965879,Low,3.4045340705
8,One year,54.25,0.062366385,Low,3.38337638625
40,Month-to-month,26.2,0.1288665,Low,3.3763023
22,Month-to-month,19.9,0.16958074,Low,3.374656726
3,Month-to-month,20.85,0.16168667,Low,3.3711670695000002
21,Month-to-month,19.95,0.16853146,Low,3.362202627
9,Month-to-month,18.95,0.17645979,Low,3.3439130205
55,One year,75.75,0.04412487,Low,3.3424589024999998
25,One year,61.6,0.053527545,Low,3.297296772
50,Two year,89.7,0.0363481,Low,3.26042457
22,One year,67.5,0.046681855,Low,3.1510252125
68,One year,85.5,0.036587212,Low,3.128206626
59,One year,68.7,0.045391552,Low,3.1183996224
72,Two year,115.5,0.02698115,Low,3.1163228249999997
46,Month-to-month,19.6,0.15858121,Low,3.1081917160000003
63,Two year,79.8,0.03826141,Low,3.053260518
6,Two year,40.55,0.07500438,Low,3.0414276089999994
69,Two year,86.9,0.034859408,Low,3.0292825552000004
41,One year,70.2,0.043056257,Low,3.0225492414
29,Month-to-month,45.0,0.06634809,Low,2.98566405
72,Two year,84.5,0.034853496,Low,2.9451204119999996
63,One year,81.15,0.0357331,Low,2.8997410649999997
53,Two year,73.9,0.03922686,Low,2.8988649540000004
39,Two year,53.85,0.05378893,Low,2.8965338805
46,Month-to-month,35.05,0.0825192,Low,2.8922979599999996
18,Month-to-month,20.45,0.14142352,Low,2.892110984
72,Two year,114.85,0.025112508,Low,2.8841715437999995
5,Month-to-month,20.05,0.1436062,Low,2.8793043099999998
72,Two year,104.1,0.027558442,Low,2.8688338121999997
72,Two year,76.8,0.03716899,Low,2.854578432
26,One year,50.35,0.056660518,Low,2.8528570813000003
48,One year,60.35,0.047073245,Low,2.84087033575
66,Two year,63.3,0.04473931,Low,2.8319983229999997
68,Two year,88.15,0.032114457,Low,2.8308893845500003
31,Two year,80.55,0.034760863,Low,2.79998751465
72,Two year,114.95,0.024068858,Low,2.7667152270999997
57,Month-to-month,65.2,0.042117774,Low,2.7460788648
33,One year,51.45,0.053285882,Low,2.7415586289
19,Month-to-month,20.0,0.13667732,Low,2.7335464
67,One year,69.35,0.039386164,Low,2.7314304733999997
34,One year,60.8,0.04467285,Low,2.71610928
33,Month-to-month,24.25,0.11172833,Low,2.7094120025
57,Two year,74.35,0.036315564,Low,2.7000621834
56,One year,68.45,0.039374243,Low,2.6951669333500003
57,Two year,53.35,0.05007115,Low,2.6712958525
56,One year,60.25,0.04374306,Low,2.635519365
17,One year,44.45,0.059065387,Low,2.62545645215
16,Month-to-month,19.75,0.13288671,Low,2.6245125225
41,One year,60.3,0.043432906,Low,2.6190042318
11,Month-to-month,19.25,0.13599002,Low,2.617807885
15,One year,45.9,0.056987725,Low,2.6157365775
23,Month-to-month,20.85,0.12174724,Low,2.538429954
70,Two year,90.05,0.02813057,Low,2.5331578285
49,Two year,66.15,0.038290706,Low,2.5329302019
9,Month-to-month,20.4,0.12034887,Low,2.4551169479999997
55,Two year,88.8,0.027414344,Low,2.4343937472
56,Two year,59.5,0.040892676,Low,2.4331142220000004
34,Month-to-month,20.35,0.11946069,Low,2.4310250415
19,Month-to-month,24.1,0.100246854,Low,2.4159491814000003
11,Month-to-month,20.45,0.117244326,Low,2.3976464667
0,One year,19.7,0.12140776,Low,2.391732872
9,One year,39.55,0.05996785,Low,2.3717284675
20,Month-to-month,18.9,0.12532243,Low,2.368593927
41,One year,50.05,0.047207367,Low,2.36272871835
38,Month-to-month,19.6,0.12005759,Low,2.3531287640000005
26,Month-to-month,20.9,0.11192004,Low,2.339128836
70,Two year,74.8,0.030664364,Low,2.2936944271999997
29,Month-to-month,19.35,0.11848602,Low,2.292704487
37,One year,40.2,0.056974962,Low,2.2903934724
48,Two year,70.1,0.03262939,Low,2.287320239
52,One year,64.3,0.03556873,Low,2.287069339
29,One year,69.05,0.033072732,Low,2.2836721446
69,One year,53.65,0.042265005,Low,2.26751751825
72,Two year,115.5,0.019518368,Low,2.2543715040000003
12,Month-to-month,20.05,0.11141135,Low,2.2337975675000004
35,One year,54.95,0.04040494,Low,2.220251453
56,Two year,81.8,0.027103199,Low,2.2170416782
10,Month-to-month,19.75,0.11218841,Low,2.2157210975
47,One year,40.3,0.054975934,Low,2.2155301402
19,Month-to-month,20.6,0.1070797,Low,2.2058418200000003
69,Two year,92.15,0.023866285,Low,2.19927816275
37,One year,64.65,0.033718932,Low,2.1799289538
65,Two year,76.15,0.028244052,Low,2.1507845598
70,Two year,75.5,0.028325278,Low,2.138558489
34,One year,64.4,0.03290432,Low,2.119038208
49,Two year,49.8,0.042384993,Low,2.1107726514
70,Two year,72.95,0.028806603,Low,2.10144168885
48,Two year,95.5,0.02174308,Low,2.07646414
48,One year,64.4,0.031974625,Low,2.0591658500000003
62,Two year,84.5,0.024176687,Low,2.0429300515
54,Two year,91.3,0.022313347,Low,2.0372085811
20,Month-to-month,19.6,0.10350035,Low,2.0286068600000005
67,Two year,81.35,0.024931615,Low,2.02818688025
52,Two year,63.9,0.031333502,Low,2.0022107778
72,Two year,114.05,0.017471986,Low,1.9926800032999998
37,Two year,35.8,0.05548048,Low,1.9862011839999998
35,One year,40.9,0.048037227,Low,1.9647225843
25,Month-to-month,19.2,0.10203834,Low,1.959136128
72,Two year,108.3,0.017882414,Low,1.9366654362
70,Two year,79.6,0.024220211,Low,1.9279287955999997
66,Two year,89.9,0.021389468,Low,1.9229131732
72,Two year,105.5,0.018195003,Low,1.9195728165000001
67,Two year,43.9,0.04370909,Low,1.918829051
72,Two year,75.4,0.025329951,Low,1.9098783054000001
4,One year,23.9,0.07967518,Low,1.9042368019999998
72,Two year,107.4,0.017538235,Low,1.883606439
10,Two year,53.7,0.034461595,Low,1.8505876515
71,Two year,89.45,0.020622717,Low,1.84470203565
66,One year,49.4,0.03656578,Low,1.8063495319999998
70,Two year,84.7,0.02126638,Low,1.801262386
26,One year,35.4,0.050767176,Low,1.7971580303999999
45,Two year,81.65,0.021890633,Low,1.78737018445
67,Two year,74.0,0.023689676,Low,1.753036024
64,One year,58.35,0.029882042,Low,1.7436171507
58,One year,44.1,0.039433334,Low,1.7390100294000002
20,Month-to-month,19.25,0.09003371,Low,1.7331489175
34,One year,55.0,0.030622367,Low,1.684230185
48,One year,29.9,0.05610138,Low,1.6774312619999998
72,Two year,88.6,0.018832166,Low,1.6685299076
12,Month-to-month,19.0,0.087262355,Low,1.657984745
1,One year,20.4,0.08096773,Low,1.6517416919999999
10,Month-to-month,18.85,0.08696619,Low,1.6393126815
62,Two year,39.0,0.041840643,Low,1.631785077
72,Two year,116.8,0.013910337,Low,1.6247273616
69,Two year,80.65,0.019596465,Low,1.58045490225
60,One year,65.85,0.023604658,Low,1.5543667292999999
71,Two year,82.55,0.01853194,Low,1.529811647
10,One year,40.25,0.03781896,Low,1.5222131399999999
17,One year,19.9,0.07601723,Low,1.512742877
72,Two year,107.7,0.013953073,Low,1.5027459621
72,Two year,85.95,0.0170758,Low,1.46766501
23,Two year,59.7,0.024522852,Low,1.4640142644
51,Two year,83.25,0.017538965,Low,1.46011883625
28,One year,59.0,0.024395315,Low,1.4393235850000001
67,Two year,70.9,0.02028031,Low,1.4378739790000001
8,One year,20.2,0.0704967,Low,1.4240333399999998
46,Two year,81.0,0.017539252,Low,1.4206794120000001
43,Two year,79.15,0.017852016,Low,1.4129870664
68,Two year,60.3,0.023402873,Low,1.4111932419
71,Two year,95.5,0.014728025,Low,1.4065263875
39,One year,45.05,0.031148963,Low,1.40326078315
63,Two year,75.55,0.018490616,Low,1.3969660388
61,Two year,88.1,0.015823433,Low,1.3940444473
36,One year,54.45,0.025300408,Low,1.3776072156
66,Two year,66.1,0.020730713,Low,1.3703001293
5,One year,19.55,0.070075616,Low,1.3699782928
52,Two year,50.2,0.027282905,Low,1.369601831
69,Two year,60.05,0.022294955,Low,1.33881204775
45,Two year,54.65,0.024330636,Low,1.3296692574
62,Two year,86.1,0.015422649,Low,1.3278900788999999
67,One year,49.35,0.02670008,Low,1.317648948
56,Two year,75.85,0.017266145,Low,1.3096370982499999
61,Two year,80.8,0.016185064,Low,1.3077531712
72,Two year,100.55,0.012963508,Low,1.3034807294
56,Two year,61.3,0.021115664,Low,1.2943902031999999
70,Two year,59.5,0.021558696,Low,1.282742412
72,Two year,84.1,0.014805711,Low,1.2451602950999998
10,One year,20.1,0.061930537,Low,1.2448037937
7,Month-to-month,19.25,0.06459339,Low,1.2434227575
63,One year,68.8,0.018044036,Low,1.2414296768
62,One year,56.15,0.022004716,Low,1.2355648034
7,Two year,38.55,0.031956755,Low,1.23193290525
24,One year,24.6,0.048681814,Low,1.1975726244
21,Two year,53.15,0.022393778,Low,1.1902293007
50,One year,35.4,0.033394802,Low,1.1821759908
6,One year,19.7,0.0598996,Low,1.1800221199999998
49,One year,35.8,0.032719016,Low,1.1713407727999998
50,Two year,70.5,0.016564133,Low,1.1677713765000002
32,Month-to-month,19.45,0.058793087,Low,1.14352554215
72,Two year,77.35,0.01468489,Low,1.1358762414999999
54,Two year,69.95,0.016102247,Low,1.12635217765
72,Two year,101.3,0.010709064,Low,1.0848281832
4,One year,19.95,0.05409811,Low,1.0792572944999999
17,One year,19.65,0.053795505,Low,1.05708167325
46,Two year,40.4,0.025802244,Low,1.0424106575999998
48,One year,25.05,0.04155977,Low,1.0410722385000002
30,One year,19.55,0.052977562,Low,1.0357113371
63,One year,36.1,0.028609117,Low,1.0327891237
71,Two year,89.9,0.011408063,Low,1.0255848637
69,Two year,64.15,0.015830087,Low,1.0155000810500001
35,One year,26.2,0.038692463,Low,1.0137425306
72,Two year,82.65,0.012185871,Low,1.00716223815
25,One year,20.05,0.0497123,Low,0.9967316150000001
17,One year,20.15,0.049410287,Low,0.9956172830499999
37,Two year,62.8,0.01581952,Low,0.9934658559999999
20,Two year,39.4,0.025001409,Low,0.9850555146
29,One year,20.0,0.048968762,Low,0.97937524
72,Two year,109.5,0.008920068,Low,0.976747446
22,One year,20.85,0.046603993,Low,0.9716932540500002
3,One year,21.2,0.04580762,Low,0.971121544
20,One year,19.5,0.04948587,Low,0.9649744650000001
49,Two year,67.4,0.014315443,Low,0.9648608582000001
52,One year,35.45,0.026954401,Low,0.9555335154500001
18,One year,20.1,0.047262684,Low,0.9499799484000001
53,One year,24.05,0.03925173,Low,0.9440041065
27,One year,20.1,0.046875212,Low,0.9421917612
51,One year,25.0,0.037396643,Low,0.934916075
27,Two year,52.85,0.017567087,Low,0.92842054795
9,One year,20.25,0.045616906,Low,0.9237423465
51,One year,24.6,0.036345597,Low,0.8941016862000001
34,One year,20.1,0.04409056,Low,0.8862202560000001
55,Two year,57.55,0.0153734675,Low,0.8847430546249999
13,Two year,25.0,0.034946777,Low,0.873669425
9,One year,20.1,0.043295223,Low,0.8702339823
49,One year,20.05,0.04327974,Low,0.867758787
46,Two year,65.65,0.013152904,Low,0.8634881476
71,Two year,87.25,0.009775786,Low,0.8529373285
71,Two year,90.55,0.009416756,Low,0.8526872557999999
42,One year,19.55,0.04358495,Low,0.8520857725
45,One year,20.4,0.041709222,Low,0.8508681287999998
71,Two year,77.35,0.010806861,Low,0.8359106983499999
11,One year,19.5,0.042528164,Low,0.829299198
38,One year,20.05,0.04098434,Low,0.8217360170000001
11,One year,20.6,0.039766397,Low,0.8191877782000001
58,One year,19.55,0.041838646,Low,0.8179455293000001
71,Two year,80.6,0.010135171,Low,0.8168947825999999
71,Two year,80.1,0.010167954,Low,0.8144531154
72,Two year,92.45,0.008795523,Low,0.81314610135
13,One year,19.45,0.041806888,Low,0.8131439716
23,Two year,40.1,0.020166768,Low,0.8086873968000001
70,Two year,64.95,0.012415083,Low,0.8063596408500001
42,One year,19.05,0.0413543,Low,0.787799415
72,Two year,71.45,0.010893374,Low,0.7783315723
49,One year,20.45,0.03792233,Low,0.7755116484999999
42,One year,20.65,0.037311263,Low,0.7704775809499999
2,One year,20.5,0.03728522,Low,0.76434701
68,Two year,62.65,0.0121857785,Low,0.7634390230249999
41,One year,19.5,0.039149582,Low,0.7634168490000001
26,One year,19.4,0.039053667,Low,0.7576411397999999
27,Two year,24.5,0.030609317,Low,0.7499282665
36,One year,20.0,0.036917873,Low,0.7383574599999999
2,One year,19.85,0.036968842,Low,0.7338315137000001
72,Two year,92.3,0.007942866,Low,0.7331265318
27,One year,20.55,0.0355703,Low,0.730969665
43,One year,20.0,0.03611834,Low,0.7223668
33,Two year,25.7,0.028007308,Low,0.7197878156
43,Two year,25.1,0.028658742,Low,0.7193344242
8,Two year,19.5,0.036167666,Low,0.705269487
56,Two year,19.7,0.03554711,Low,0.700278067
21,One year,19.8,0.035163373,Low,0.6962347854
61,One year,19.45,0.035558924,Low,0.6916210718
72,Two year,88.7,0.007778126,Low,0.6899197762
72,Two year,63.8,0.010772228,Low,0.6872681464
33,One year,20.15,0.034042418,Low,0.6859547226999999
3,One year,20.55,0.033228163,Low,0.68283874965
67,One year,20.55,0.032983545,Low,0.6778118497500001
38,One year,20.3,0.03319627,Low,0.673884281
46,Two year,38.25,0.017515242,Low,0.6699580065
1,One year,18.8,0.035406098,Low,0.6656346423999999
72,Two year,89.8,0.0073404633,Low,0.6591736043399999
72,Two year,92.0,0.0071525043,Low,0.6580303956
72,Two year,88.7,0.0074177627,Low,0.6579555514900001
0,Two year,20.25,0.03228205,Low,0.6537115125
7,One year,20.65,0.031390846,Low,0.6482209699
71,Two year,53.95,0.011766826,Low,0.6348202627
72,Two year,91.15,0.006955998,Low,0.6340392177
72,Two year,81.0,0.007732574,Low,0.626338494
17,One year,20.05,0.031112237,Low,0.62380035185
72,Two year,65.7,0.009463539,Low,0.6217545123
60,Two year,61.35,0.010057371,Low,0.6170197108500001
29,One year,19.85,0.030753106,Low,0.6104491541
72,Two year,38.5,0.015849704,Low,0.610213604
71,Two year,76.9,0.007934765,Low,0.6101834285000001
18,Two year,24.65,0.02469778,Low,0.608800277
49,One year,20.7,0.029333249,Low,0.6071982543
29,Two year,19.55,0.030567763,Low,0.59759976665
24,Two year,19.55,0.030393366,Low,0.5941903053
60,Two year,59.85,0.009902916,Low,0.5926895226
71,Two year,64.05,0.009199368,Low,0.5892195203999999
66,Two year,68.75,0.008544557,Low,0.58743829375
50,Two year,24.9,0.02348085,Low,0.584673165
18,Two year,19.35,0.029556142,Low,0.5719113477000001
10,Two year,26.1,0.021587905,Low,0.5634443205
44,One year,20.6,0.027240733,Low,0.5611590998
36,One year,20.35,0.02751969,Low,0.5600256915
72,Two year,93.05,0.0059860526,Low,0.55700219443
56,Two year,25.95,0.021320483,Low,0.55326653385
10,Two year,20.15,0.027401848,Low,0.5521472371999999
41,One year,20.25,0.027234888,Low,0.551506482
55,Two year,19.35,0.02838002,Low,0.549153387
56,Two year,19.55,0.027906582,Low,0.5455736781
19,Two year,19.95,0.0271044,Low,0.54073278
26,One year,20.65,0.025924886,Low,0.5353488959
72,Two year,90.8,0.0058926186,Low,0.53504976888
20,Two year,19.7,0.0271044,Low,0.53395668
22,One year,20.3,0.025658574,Low,0.5208690522
72,Two year,82.3,0.006295326,Low,0.5181053298
72,Two year,45.25,0.011324565,Low,0.51243656625
50,One year,20.35,0.025100697,Low,0.5107991839500001
25,Two year,18.7,0.027305787,Low,0.5106182169
8,Two year,20.85,0.024418363,Low,0.50912286855
50,Two year,19.8,0.025329465,Low,0.501523407
47,Two year,19.3,0.025976926,Low,0.5013546718
60,Two year,19.85,0.025115391,Low,0.49854051135000005
58,One year,24.5,0.020255258,Low,0.49625382100000004
7,Two year,19.85,0.02470248,Low,0.490344228
13,Two year,19.75,0.024465082,Low,0.48318536949999996
72,Two year,66.5,0.0072459267,Low,0.48185412555
61,One year,20.4,0.023619866,Low,0.48184526639999997
42,Two year,20.25,0.023711815,Low,0.48016425375
32,One year,19.8,0.023974417,Low,0.47469345660000006
51,Two year,24.75,0.018479863,Low,0.45737660924999995
43,Two year,19.55,0.023076868,Low,0.45115276940000004
21,Two year,19.6,0.022993127,Low,0.4506652892
40,Two year,20.15,0.022036236,Low,0.44403015539999996
60,Two year,37.7,0.011772916,Low,0.4438389332
11,Two year,20.4,0.021515083,Low,0.4389076932
71,One year,20.85,0.020840278,Low,0.43451979630000004
40,Two year,20.6,0.020894188,Low,0.43042027280000006
19,Two year,19.65,0.021886937,Low,0.43007831204999997
9,Two year,20.35,0.021122154,Low,0.4298358339
24,Two year,19.75,0.021564798,Low,0.4259047605
45,Two year,24.65,0.017267311,Low,0.42563921615
61,Two year,19.75,0.021321405,Low,0.42109774875000006
2,One year,19.3,0.021773085,Low,0.4202205405
58,Two year,20.75,0.020090396,Low,0.416875717
24,One year,20.8,0.019741608,Low,0.41062544640000004
24,Two year,19.7,0.020818701,Low,0.4101284097
16,One year,19.05,0.021459132,Low,0.4087964646
64,Two year,19.55,0.020035725,Low,0.39169842375
72,Two year,70.45,0.005528486,Low,0.3894818387
52,Two year,25.05,0.015306578,Low,0.3834297789
53,Two year,19.85,0.01901612,Low,0.37746998200000004
48,Two year,19.55,0.01921411,Low,0.3756358505
24,Two year,19.75,0.018974867,Low,0.37475362325
51,Two year,24.95,0.014905901,Low,0.37190222995
68,Two year,25.05,0.014796525,Low,0.37065295125
64,One year,24.9,0.014845617,Low,0.3696558633
25,Two year,19.8,0.018590804,Low,0.3680979192
52,Two year,25.6,0.014365791,Low,0.3677642496
67,Two year,36.15,0.010103307,Low,0.36523454805
47,Two year,19.75,0.018437227,Low,0.36413523325
15,Two year,19.35,0.018765325,Low,0.36310903875
72,Two year,74.55,0.0048566014,Low,0.36205963436999994
8,One year,19.9,0.017819414,Low,0.35460633859999996
51,Two year,19.6,0.018091982,Low,0.3546028472
69,One year,20.35,0.0172899,Low,0.35184946500000003
69,Two year,19.75,0.017722987,Low,0.35002899325
46,Two year,20.1,0.017246446,Low,0.3466535646
70,Two year,26.0,0.013255675,Low,0.34464754999999997
72,Two year,67.8,0.0050103175,Low,0.33969952649999996
53,Two year,25.55,0.013290004,Low,0.3395596022
52,One year,20.85,0.016189681,Low,0.33755484885000003
64,Two year,25.0,0.013470259,Low,0.336756475
29,Two year,20.2,0.016634248,Low,0.3360118096
60,Two year,20.6,0.016099777,Low,0.3316554062
59,Two year,19.85,0.016677406,Low,0.3310465091
65,Two year,25.1,0.01318442,Low,0.33092894200000006
48,Two year,20.65,0.015903153,Low,0.32840010945
51,Two year,20.45,0.015935393,Low,0.32587878685
48,Two year,23.55,0.013834136,Low,0.32579390280000003
39,Two year,25.0,0.012895291,Low,0.322382275
62,Two year,23.4,0.0137687195,Low,0.3221880363
67,Two year,19.65,0.016291447,Low,0.32012693355
56,Two year,20.05,0.015898906,Low,0.31877306530000005
64,Two year,19.7,0.016170084,Low,0.3185506548
61,Two year,25.3,0.012513877,Low,0.3166010881
67,Two year,19.8,0.015937405,Low,0.31556061900000004
62,Two year,23.65,0.013034132,Low,0.3082572218
35,Two year,20.1,0.015319743,Low,0.3079268343
51,Two year,19.95,0.015179508,Low,0.30283118459999997
66,Two year,25.1,0.012059823,Low,0.30270155730000003
52,Two year,25.75,0.011696201,Low,0.30117717574999997
5,Two year,20.45,0.014706612,Low,0.3007502154
69,Two year,19.9,0.015041075,Low,0.29931739249999995
69,One year,20.55,0.014509702,Low,0.29817437609999997
69,Two year,19.9,0.014726165,Low,0.29305068349999996
61,Two year,24.4,0.011967044,Low,0.29199587359999996
53,Two year,19.5,0.014878458,Low,0.290129931
66,Two year,19.75,0.01465833,Low,0.2895020175
19,One year,18.8,0.01525908,Low,0.286870704
35,Two year,20.5,0.013472324,Low,0.27618264200000003
64,Two year,19.45,0.014175377,Low,0.27571108265
64,Two year,19.45,0.014175377,Low,0.27571108265
63,Two year,24.2,0.010961427,Low,0.26526653339999995
49,Two year,19.9,0.013301677,Low,0.26470337229999996
67,Two year,20.5,0.012888906,Low,0.264222573
62,Two year,19.2,0.013551729,Low,0.26019319679999997
62,Two year,24.25,0.010679677,Low,0.25898216725
69,Two year,20.3,0.012573258,Low,0.25523713740000004
29,One year,19.1,0.013196349,Low,0.2520502659
62,Two year,20.3,0.01237803,Low,0.251274009
68,Two year,20.0,0.012380601,Low,0.24761202
61,Two year,24.2,0.010198512,Low,0.24680399039999998
71,Two year,24.85,0.009920665,Low,0.24652852525000002
58,Two year,20.5,0.011734366,Low,0.240554503
60,Two year,20.55,0.0116749,Low,0.239919195
61,Two year,24.1,0.0096755745,Low,0.23318134545000002
72,Two year,25.1,0.00919909,Low,0.23089715900000002
67,Two year,24.9,0.009259326,Low,0.2305572174
50,Two year,20.55,0.010991929,Low,0.22588414094999998
71,Two year,25.6,0.00871262,Low,0.22304307200000004
61,One year,19.1,0.011249242,Low,0.21486052220000001
72,Two year,24.3,0.00870577,Low,0.21155021100000002
61,Two year,19.75,0.010631541,Low,0.20997293474999998
72,Two year,19.4,0.010630978,Low,0.20624097319999998
54,Two year,20.4,0.00998721,Low,0.203739084
28,Two year,20.3,0.009611812,Low,0.1951197836
71,Two year,19.6,0.009934988,Low,0.19472576480000003
62,Two year,20.65,0.009068435,Low,0.18726318274999998
71,Two year,19.9,0.009325643,Low,0.18558029569999998
72,Two year,19.55,0.009404204,Low,0.1838521882
72,Two year,25.25,0.007119066,Low,0.17975641650000002
28,One year,18.25,0.009805677,Low,0.17895360525
72,Two year,26.0,0.006549756,Low,0.17029365600000002
19,Two year,20.85,0.008165682,Low,0.17025446970000002
72,Two year,25.4,0.006610935,Low,0.167917749
72,Two year,19.95,0.007949406,Low,0.15859064969999997
71,Two year,25.35,0.0055071814,Low,0.13960704849
72,Two year,25.0,0.0055009048,Low,0.13752262
70,Two year,20.05,0.0066170944,Low,0.13267274272
71,Two year,23.9,0.005468888,Low,0.13070642319999998
72,Two year,20.5,0.0062286435,Low,0.12768719174999998
72,Two year,24.05,0.005110666,Low,0.1229115173
72,Two year,24.45,0.0050189253,Low,0.122712723585
72,Two year,20.3,0.005944613,Low,0.12067564389999999
72,Two year,23.75,0.0050189253,Low,0.119199475875
71,Two year,24.35,0.0048403954,Low,0.11786362799000001
72,Two year,24.25,0.004680394,Low,0.1134995545
72,Two year,25.1,0.0044706776,Low,0.11221400776000001
72,Two year,20.1,0.005326427,Low,0.10706118270000001
72,Two year,19.8,0.0052774274,Low,0.10449306252
71,Two year,19.7,0.0046372176,Low,0.09135318672
